{
  "family": "ai-goal-visualizer",
  "networkMode": "awsvpc",
  "requiresCompatibilities": ["FARGATE"],
  "cpu": "256",
  "memory": "512",
  "executionRoleArn": "arn:aws:iam::YOUR_ACCOUNT_ID:role/ecsTaskExecutionRole",
  "containerDefinitions": [
    {
      "name": "ai-goal-visualizer",
      "image": "YOUR_ACCOUNT_ID.dkr.ecr.us-east-1.amazonaws.com/ai-goal-visualizer:latest",
      "portMappings": [
        {
          "containerPort": 5000,
          "protocol": "tcp"
        }
      ],
      "environment": [
        {
          "name": "OPENAI_API_KEY",
          "value": "your-openai-key-here"
        },
        {
          "name": "GEMINI_API_KEY",
          "value": "your-gemini-key-here"
        }
      ],
      "logConfiguration": {
        "logDriver": "awslogs",
        "options": {
          "awslogs-group": "/ecs/ai-goal-visualizer",
          "awslogs-region": "us-east-1",
          "awslogs-stream-prefix": "ecs"
        }
      }
    }
  ]
}